<?xml version="1.0" encoding="UTF-8"?>
<project-private xmlns="http://www.netbeans.org/ns/project-private/1">
    <editor-bookmarks xmlns="http://www.netbeans.org/ns/editor-bookmarks/2" lastBookmarkId="0"/>
    <open-files xmlns="http://www.netbeans.org/ns/projectui-open-files/2">
        <group>
            <file>file:/E:/DAW2024/DWES/Trivial/pruebas.php</file>
            <file>file:/E:/DAW2024/DWES/Trivial/index.php</file>
            <file>file:/E:/DAW2024/DWES/Trivial/lib/procesarRespuestaQueso.php</file>
            <file>file:/E:/DAW2024/DWES/Trivial/lib/jugarAnonimo.php</file>
            <file>file:/E:/DAW2024/DWES/Trivial/lib/procesarUsuario.php</file>
            <file>file:/E:/DAW2024/DWES/Trivial/categoria_queso.php</file>
            <file>file:/E:/DAW2024/DWES/Trivial/juego.php</file>
            <file>file:/E:/DAW2024/DWES/Trivial/usuarios/Fabricio/num_preguntas.txt</file>
            <file>file:/E:/DAW2024/DWES/Trivial/pregunta_queso.php</file>
            <file>file:/E:/DAW2024/DWES/Trivial/funciones/funcionesJuego.php</file>
            <file>file:/E:/DAW2024/DWES/Trivial/lib/procesarRespuesta.php</file>
            <file>file:/E:/DAW2024/DWES/Trivial/funciones/funcionesJavaScript.js</file>
            <file>file:/E:/DAW2024/DWES/Trivial/lib/formularioUsuario.php</file>
            <file>file:/E:/DAW2024/DWES/Trivial/partidaIniciada.php</file>
            <file>file:/E:/DAW2024/DWES/Trivial/usuarios/Fabricio/quesitosObtenidos.txt</file>
        </group>
    </open-files>
</project-private>
