﻿ID;Pregunta;Opción 1;Opción 2;Opción 3;Opción 4;Respuesta Correcta
1;"¿Qué planeta es conocido como el ""Planeta Rojo""?";Tierra;Venus;Marte;Júpiter;Marte
2;¿Qué gas es esencial para la respiración humana?;Oxígeno;Nitrógeno;Dióxido de Carbono;Helio;Oxígeno
3;¿Qué metal es líquido a temperatura ambiente?;Plomo;Mercurio;Estaño;Aluminio;Mercurio
4;¿Cuál es el elemento químico más abundante en el universo?;Oxígeno;Hidrógeno;Helio;Carbono;Hidrógeno
5;¿Qué órgano humano es responsable de bombear la sangre?;Pulmones;Riñón;Corazón;Hígado;Corazón
6;¿Qué tipo de animal es una rana?;Mamífero;Anfibio;Reptil;Aves;Anfibio
7;¿Qué tipo de energía utiliza una planta solar?;Energía eólica;Energía nuclear;Energía solar;Energía hidráulica;Energía solar
8;¿Cuál es el órgano más grande del cuerpo humano?;Piel;Corazón;Pulmones;Hígado;Piel
9;¿Qué planeta es el más cercano al sol?;Tierra;Venus;Mercurio;Marte;Mercurio
10;¿Cómo se llama el proceso mediante el cual las plantas producen su alimento?;Fotosíntesis;Respiración;Digestión;Fermentación;Fotosíntesis
11;¿Qué músculo es el más fuerte en proporción a su tamaño en el cuerpo humano?;Bíceps;Corazón;Glúteos;Lengua;Lengua
12;¿Cuál es el planeta más grande del sistema solar?;Tierra;Júpiter;Saturno;Urano;Júpiter
13;¿Qué animal tiene más dientes?;Elefante;Tiburón;Caracol;Delfín;Caracol
14;¿Cuál es el metal más pesado que se conoce?;Oro;Plomo;Osmio;Uranio;Osmio
15;¿Qué científico es conocido como el padre de la física moderna?;Isaac Newton;Albert Einstein;Galileo Galilei;Nikola Tesla;Albert Einstein
16;¿Cómo se llama el estudio de los fósiles?;Geología;Biología;Paleontología;Arqueología;Paleontología
17;¿Qué tipo de célula es la unidad funcional y estructural de los seres vivos?;Neurona;Célula madre;Glóbulo rojo;Célula;Célula
18;¿Qué fuerza natural mantiene los planetas en sus órbitas?;Inercia;Gravedad;Magnetismo;Fricción;Gravedad
19;¿Cuál es el animal terrestre más rápido?;Guepardo;Leopardo;Caballo;Halcón peregrino;Guepardo
20;¿Qué sustancia de la sangre transporta oxígeno?;Plaquetas;Plasma;Glóbulos rojos;Glóbulos blancos;Glóbulos rojos
21;¿Cómo se llama el gas que las plantas liberan durante la fotosíntesis?;Dióxido de carbono;Nitrógeno;Oxígeno;Metano;Oxígeno
22;¿Qué estrella está más cerca de la Tierra?;Sirius;Alpha Centauri;Sol;Betelgeuse;Sol
23;¿Qué científico formuló las leyes del movimiento?;Isaac Newton;Galileo Galilei;Albert Einstein;Marie Curie;Isaac Newton
24;¿Cuál es el único mamífero capaz de volar?;Murciélago;Halcón;Colibrí;Pingüino;Murciélago
25;¿Qué sustancia en el cuerpo humano ayuda a coagular la sangre?;Glucosa;Insulina;Hemoglobina;Plaquetas;Plaquetas
26;¿Qué fuerza hace que los objetos caigan al suelo?;Inercia;Gravedad;Magnetismo;Atracción;Gravedad
27;¿Qué hueso es el más largo del cuerpo humano?;Cráneo;Húmero;Fémur;Columna vertebral;Fémur
28;¿Qué tipo de energía proviene del viento?;Energía térmica;Energía nuclear;Energía solar;Energía eólica;Energía eólica
29;¿Qué compuesto químico es la fórmula H₂O?;Dióxido de carbono;Agua;Peróxido de hidrógeno;Ácido sulfúrico;Agua
30;¿Qué animal se considera el más inteligente?;Delfín;Perro;Gato;Pulpo;Delfín
31;¿Qué científico descubrió la penicilina?;Alexander Fleming;Louis Pasteur;Marie Curie;Gregor Mendel;Alexander Fleming
32;¿Qué especie de animales pone huevos pero es un mamífero?;Ornitorrinco;Murciélago;Koala;Canguro;Ornitorrinco
33;¿Qué planeta del sistema solar tiene más lunas?;Júpiter;Saturno;Marte;Neptuno;Saturno
34;¿Cómo se llama la capa externa de la piel humana?;Dermis;Epidermis;Hipodermis;Melanina;Epidermis
35;¿Qué instrumento se utiliza para medir la temperatura?;Termómetro;Barómetro;Higrómetro;Altímetro;Termómetro
36;¿Qué animal puede cambiar de color según su entorno?;Pulpo;Lagarto;Camaleón;Sapo;Camaleón
37;¿Qué tipo de animal es el pez espada?;Mamífero;Anfibio;Reptil;Pez;Pez
38;¿Qué científico es conocido como el padre de la teoría de la evolución?;Gregor Mendel;Isaac Newton;Charles Darwin;Albert Einstein;Charles Darwin
39;¿Qué fenómeno meteorológico se mide con la escala de Fujita?;Huracanes;Tornados;Tormentas eléctricas;Maremotos;Tornados
40;¿Qué mineral es el más duro según la escala de Mohs?;Diamante;Cuarzo;Topacio;Grafito;Diamante
41;¿Qué animal es conocido por ser el más lento del mundo?;Pereza;Tortuga;Caracol;Koala;Pereza
42;¿Qué rama de la ciencia estudia los átomos y moléculas?;Física;Química;Biología;Matemáticas;Química
43;¿Qué especie de reptil tiene la capacidad de volar planeando?;Dragón de Komodo;Lagarto volador;Iguana;Caimán;Lagarto volador
44;¿Qué molécula es la base de la vida en la Tierra?;ADN;ARN;Agua;Proteínas;ADN
45;¿Qué dispositivo mide la presión atmosférica?;Termómetro;Barómetro;Higrómetro;Sismógrafo;Barómetro
46;¿Qué planeta tiene anillos a su alrededor?;Marte;Saturno;Venus;Júpiter;Saturno
47;¿Cuál es el elemento químico más ligero?;Hidrógeno;Oxígeno;Nitrógeno;Helio;Hidrógeno
48;¿Qué órgano del cuerpo humano filtra la sangre?;Riñón;Hígado;Corazón;Pulmones;Riñón
49;¿Qué animal pone los huevos más grandes?;Gallina;Avestruz;Tortuga;Águila;Avestruz
50;¿Qué científico propuso las leyes de la herencia genética?;Charles Darwin;Gregor Mendel;Isaac Newton;Albert Einstein;Gregor Mendel
