﻿ID;Pregunta;Opción 1;Opción 2;Opción 3;Opción 4;Respuesta Correcta
1;¿Quién pintó la Mona Lisa?;Leonardo da Vinci;Pablo Picasso;Vincent van Gogh;Miguel Ángel;Leonardo da Vinci
2;¿Cuál es el país más grande del mundo?;Rusia;China;Canadá;Estados Unidos;Rusia
3;¿Cuál es el idioma más hablado en el mundo?;Inglés;Chino mandarín;Español;Hindi;Chino mandarín
4;¿En qué año comenzó la Segunda Guerra Mundial?;1937;1939;1941;1945;1939
5;¿Cuál es la capital de Japón?;Pekín;Tokio;Seúl;Kioto;Tokio
6;¿Quién escribió “Don Quijote de la Mancha”?;Miguel de Cervantes;Gabriel García Márquez;Jorge Luis Borges;Julio Cortázar;Miguel de Cervantes
7;¿Qué océano es el más grande del mundo?;Atlántico;Índico;Pacífico;Ártico;Pacífico
8;¿Cuál es el país con la mayor población del mundo?;India;China;Estados Unidos;Indonesia;China
9;¿Qué evento deportivo se celebra cada 4 años?;Copa del Mundo;Juegos Olímpicos;Wimbledon;Tour de Francia;Juegos Olímpicos
10;¿Cuál es el metal más ligero?;Aluminio;Cobre;Titanio;Litio;Litio
11;¿Cuál es el continente más pequeño del mundo?;Europa;Oceanía;África;América del Norte;Oceanía
12;¿Cuál es el río más largo del mundo?;Nilo;Amazonas;Yangtsé;Misisipi;Amazonas
13;¿Qué país tiene forma de bota?;España;Portugal;Italia;Grecia;Italia
14;¿Qué moneda se utiliza en Japón?;Yuan;Dólar;Yen;Won;Yen
15;¿En qué país se encuentra la Torre Eiffel?;Italia;Francia;España;Alemania;Francia
16;¿Cuál es el desierto más grande del mundo?;Sáhara;Gobi;Kalahari;Antártico;Antártico
17;¿En qué continente se encuentra Egipto?;Asia;Europa;África;América del Sur;África
18;¿En qué país nació el fútbol?;Brasil;Alemania;Inglaterra;Argentina;Inglaterra
19;¿Cuál es la ciudad más poblada del mundo?;Tokio;Nueva York;Ciudad de México;Shanghái;Tokio
20;¿Quién fue el primer hombre en pisar la luna?;Yuri Gagarin;Neil Armstrong;Buzz Aldrin;John Glenn;Neil Armstrong
21;¿En qué año se lanzó el iPhone por primera vez?;2005;2007;2009;2011;2007
22;¿Cuál es el idioma oficial de Brasil?;Español;Portugués;Inglés;Francés;Portugués
23;¿Qué país tiene más premios Nobel de la Paz?;Estados Unidos;Alemania;Suiza;Noruega;Estados Unidos
24;¿Qué país ganó la Copa del Mundo de fútbol en 2010?;Italia;España;Brasil;Alemania;España
25;¿En qué año se disolvió la Unión Soviética?;1991;1989;1993;1995;1991
26;¿Cuál es el deporte más popular en el mundo?;Baloncesto;Fútbol;Tenis;Béisbol;Fútbol
27;¿Cuál es el país con más islas en el mundo?;Indonesia;Noruega;Canadá;Suecia;Suecia
28;¿Cuál es la montaña más alta del mundo?;K2;Makalu;Everest;Lhotse;Everest
29;¿En qué país se encuentra el Taj Mahal?;Nepal;Sri Lanka;India;Pakistán;India
30;¿Qué famoso edificio fue atacado el 11 de septiembre de 2001?;Empire State;World Trade Center;Torre Sears;Burj Khalifa;World Trade Center
31;¿Qué país inventó la pólvora?;India;China;Japón;Rusia;China
32;¿Qué instrumento musical tiene teclas negras y blancas?;Guitarra;Piano;Flauta;Violín;Piano
33;¿Cuál es el libro más vendido de todos los tiempos?;Don Quijote;Harry Potter;La Biblia;El Señor de los Anillos;La Biblia
34;¿Cuál es el país más pequeño del mundo en superficie?;Mónaco;Liechtenstein;San Marino;Ciudad del Vaticano;Ciudad del Vaticano
35;¿Qué famoso científico desarrolló la teoría de la relatividad?;Isaac Newton;Albert Einstein;Galileo Galilei;Charles Darwin;Albert Einstein
36;¿Cuál es el idioma oficial de Argentina?;Español;Portugués;Inglés;Francés;Español
37;¿Qué país es conocido por haber inventado el yoga?;Tailandia;India;China;Japón;India
38;¿Qué gas es esencial para la respiración humana?;Oxígeno;Nitrógeno;Dióxido de Carbono;Helio;Oxígeno
39;¿Qué país fue gobernado por Adolf Hitler durante la Segunda Guerra Mundial?;Francia;Alemania;Italia;Rusia;Alemania
40;¿En qué país se celebraron los primeros Juegos Olímpicos modernos?;Grecia;Francia;Estados Unidos;Reino Unido;Grecia
41;"¿Qué ciudad es conocida como la ""Gran Manzana""?";Los Ángeles;Chicago;Miami;Nueva York;Nueva York
42;"¿Qué elemento químico tiene el símbolo ""O""?";Oxígeno;Oro;Osmio;Oxígeno;Oxígeno
43;¿Cuál es la moneda oficial de Reino Unido?;Euro;Dólar;Libra esterlina;Franco suizo;Libra esterlina
44;¿Qué país es famoso por su carnaval en la ciudad de Río de Janeiro?;Argentina;España;Brasil;México;Brasil
45;¿Qué río atraviesa la ciudad de París?;Tíber;Danubio;Támesis;Sena;Sena
46;¿Cuál es la segunda lengua más hablada en el mundo?;Español;Inglés;Chino mandarín;Francés;Inglés
47;¿Quién es el autor de “Cien años de soledad”?;Gabriel García Márquez;Mario Vargas Llosa;Julio Cortázar;Pablo Neruda;Gabriel García Márquez
48;¿Qué país es conocido por la torre inclinada de Pisa?;Francia;Italia;España;Alemania;Italia
49;¿Qué continente alberga la selva amazónica?;África;Asia;América del Sur;Oceanía;América del Sur
50;¿Quién fue el primer presidente de Estados Unidos?;Thomas Jefferson;Abraham Lincoln;George Washington;Benjamin Franklin;George Washington
