﻿ID;Pregunta;Opción 1;Opción 2;Opción 3;Opción 4;Respuesta Correcta
1;¿Qué deporte se juega en una cancha con una red y una pelota?;Voleibol;Tenis;Baloncesto;Fútbol;Tenis
2;¿Cuál es el país de origen del fútbol?;Italia;Brasil;Inglaterra;Alemania;Inglaterra
3;"¿Qué atleta es conocido como ""El Hombre más Rápido del Mundo""?";Usain Bolt;Carl Lewis;Jesse Owens;Michael Johnson;Usain Bolt
4;¿Cuántos jugadores hay en un equipo de baloncesto en la cancha?;5;6;7;8;5
5;¿Qué deporte utiliza un puck?;Fútbol;Baloncesto;Hockey;Béisbol;Hockey
6;¿En qué deporte se compite en los Juegos Olímpicos de verano?;Rugby;Cricket;Gimnasia;Esquí;Gimnasia
7;¿Qué país ha ganado más Copas del Mundo de fútbol?;Brasil;Alemania;Italia;Argentina;Brasil
8;¿Qué deporte se juega con una raqueta y un volante?;Béisbol;Bádminton;Squash;Baloncesto;Bádminton
9;¿Qué competición se celebra cada cuatro años y reúne a los mejores atletas del mundo?;Juegos Olímpicos;Copa Mundial;Tour de Francia;Wimbledon;Juegos Olímpicos
10;"¿Qué deporte es conocido como ""el rey de los deportes""?";Fútbol;Rugby;Baloncesto;Béisbol;Fútbol
11;¿Qué equipo ha ganado más títulos de la NBA?;Boston Celtics;Los Angeles Lakers;Chicago Bulls;Miami Heat;Boston Celtics
12;¿En qué deporte se utilizan tacos y una bola blanca?;Golf;Billar;Rugby;Fútbol;Billar
13;¿Cuál es el objetivo del juego en el fútbol?;Hacer más puntos;Marcar más goles;Pasar más tiempo;Ganar más jugadores;Marcar más goles
14;¿Qué atleta estadounidense es conocido por su carrera de velocidad?;Michael Phelps;Serena Williams;Michael Johnson;Carl Lewis;Carl Lewis
15;¿En qué deporte se compite en el Tour de Francia?;Ciclismo;Atletismo;Natación;Triatlón;Ciclismo
16;¿Qué deporte combina natación, ciclismo y carrera?;Pentatlón;Triatlón;Biatlón;Decatlón;Triatlón
17;¿Cuántos puntos vale un touchdown en el fútbol americano?;3;6;7;2;6
18;¿Qué deporte olímpico consiste en el lanzamiento de jabalina, disco y martillo?;Atletismo;Lucha;Boxeo;Halterofilia;Atletismo
19;¿Qué famosa competición de fútbol se celebra cada cuatro años?;Copa América;Eurocopa;Copa del Mundo;Copa de Oro;Copa del Mundo
20;¿Qué atleta es famoso por sus récords en natación?;Michael Phelps;Usain Bolt;Carl Lewis;Serena Williams;Michael Phelps
21;¿Qué deporte se juega en una cancha con una red y una pelota amarilla?;Tenis;Voleibol;Bádminton;Squash;Tenis
22;"¿Qué equipo de fútbol es conocido como ""los Merengues""?";Barcelona;Real Madrid;Atlético de Madrid;Manchester United;Real Madrid
23;"¿En qué deporte se lleva a cabo la ""Copa Libertadores""?";Fútbol;Rugby;Baloncesto;Béisbol;Fútbol
24;"¿Qué país es conocido por su equipo de rugby llamado ""Los Pumas""?";Australia;Nueva Zelanda;Argentina;Sudáfrica;Argentina
25;"¿Qué atleta es conocido como ""La Reina del Atletismo""?";Florence Griffith-Joyner;Mary Lou Retton;Serena Williams;Jackie Joyner-Kersee;Florence Griffith-Joyner
26;¿Qué deporte se juega con un balón ovalado?;Fútbol;Baloncesto;Rugby;Béisbol;Rugby
27;¿Qué equipo de baloncesto ha ganado más títulos de la NBA?;Chicago Bulls;Miami Heat;Boston Celtics;Los Angeles Lakers;Boston Celtics
28;"¿Qué competición de automovilismo es conocida como ""la Fórmula 1""?";Indy 500;Le Mans;NASCAR;Fórmula E;Fórmula 1
29;¿Qué atleta se destacó en el salto de longitud?;Carl Lewis;Jesse Owens;Michael Johnson;Usain Bolt;Carl Lewis
30;¿Qué famoso torneo de tenis se juega en césped?;Roland Garros;US Open;Wimbledon;Australian Open;Wimbledon
31;"¿Qué equipo de fútbol tiene como apodo ""los Diablos Rojos""?";Barcelona;Manchester United;Real Madrid;Bayern Múnich;Manchester United
32;¿Qué deporte se juega en un octágono?;Boxeo;Lucha libre;MMA;Judo;MMA
33;¿Cuál es la distancia de un maratón?;21 km;42 km;10 km;5 km;42 km
34;¿Qué famoso torneo de golf se celebra en Augusta?;US Open;Masters;PGA Championship;Ryder Cup;Masters
35;¿Qué país ha ganado más medallas de oro en los Juegos Olímpicos?;Estados Unidos;Rusia;China;Alemania;Estados Unidos
36;¿Qué deporte se practica en el agua con palas y canoas?;Natación;Piragüismo;Surfing;Vela;Piragüismo
37;¿En qué deporte se utilizan guantes y se compiten en un ring?;Boxeo;Lucha libre;Judo;Taekwondo;Boxeo
38;¿Qué famosa competición de ciclismo se celebra en Italia?;Tour de Francia;Vuelta a España;Giro de Italia;Paris-Roubaix;Giro de Italia
39;"¿Qué equipo de fútbol es conocido como ""los Gunners""?";Chelsea;Arsenal;Tottenham Hotspur;Liverpool;Arsenal
40;¿Qué famosa atleta ganó una medalla de oro en gimnasia en 2016?;Simone Biles;Nadia Comăneci;Mary Lou Retton;Gabby Douglas;Simone Biles
41;"¿Qué famoso equipo de baloncesto es conocido como ""Los Bulls""?";Chicago Bulls;Miami Heat;San Antonio Spurs;Golden State Warriors;Chicago Bulls
42;¿Qué deporte se practica en la nieve y requiere esquís?;Snowboard;Esquí;Patinaje;Hockey;Esquí
43;¿Qué famoso torneo de baloncesto universitario se celebra cada marzo?;NCAA Tournament;NBA Playoffs;Eurobasket;FIBA World Cup;NCAA Tournament
44;"¿Qué famoso jugador de fútbol es conocido como ""CR7""?";Lionel Messi;Cristiano Ronaldo;Neymar;Pelé;Cristiano Ronaldo
45;¿Qué deporte se juega en una pista cubierta con pelotas amarillas?;Squash;Bádminton;Tenis;Baloncesto;Squash
46;¿En qué deporte se utilizan tacos y se juega en una mesa con 16 bolas?;Billar;Snooker;Béisbol;Tenis;Snooker
47;¿Qué famoso torneo de tenis se juega en Nueva York?;Wimbledon;US Open;Roland Garros;Australian Open;US Open
48;¿Qué país ganó la Copa del Mundo de 2018?;Brasil;Francia;Alemania;Argentina;Francia
49;"¿Qué atleta es conocido como ""El Tigre"" en el golf?";Phil Mickelson;Rory McIlroy;Tiger Woods;Sergio García;Tiger Woods
50;"¿Qué competición de fútbol es conocida como ""la Champions""?";Copa América;UEFA Champions League;Eurocopa;Copa del Mundo;UEFA Champions League
