﻿ID;Pregunta;Opción 1;Opción 2;Opción 3;Opción 4;Respuesta Correcta
1;"¿Qué director es conocido por la película ""Titanic""?";Martin Scorsese;Quentin Tarantino;Steven Spielberg;James Cameron;James Cameron
2;"¿En qué año se lanzó la primera película de ""Star Wars""?";1975;1977;1980;1983;1977
3;"¿Qué actor interpretó a Jack Sparrow en la serie de películas ""Piratas del Caribe""?";Johnny Depp;Orlando Bloom;Leonardo DiCaprio;Brad Pitt;Johnny Depp
4;¿Qué serie de televisión tiene un trono de hierro como elemento central?;Los Soprano;Juego de Tronos;Breaking Bad;Stranger Things;Juego de Tronos
5;¿Cuál fue la primera película animada de Disney?;Bambi;Pinocho;Blanca Nieves;Cenicienta;Blanca Nieves
6;"¿Qué cantante es conocido como el ""Rey del Pop""?";Elvis Presley;Michael Jackson;Freddie Mercury;Prince;Michael Jackson
7;"¿Qué banda lanzó el álbum ""Abbey Road""?";The Rolling Stones;Led Zeppelin;The Beatles;Pink Floyd;The Beatles
8;"¿Cuál es el nombre del hobbit interpretado por Elijah Wood en ""El Señor de los Anillos""?";Sam;Frodo;Bilbo;Merry;Frodo
9;"¿Qué videojuego popular tiene la frase ""¿Dame tu fuerza, Pegaso!""?";Super Mario Bros;Mortal Kombat;Final Fantasy;Saint Seiya;Saint Seiya
10;"¿En qué ciudad se desarrolla la serie ""Friends""?";Los Ángeles;Chicago;Nueva York;San Francisco;Nueva York
11;¿Qué película de Disney-Pixar cuenta la historia de una niña y sus emociones?;Up;Inside Out;Coco;Toy Story;Inside Out
12;¿Qué actor interpretó a Forrest Gump?;Tom Hanks;Robert De Niro;Al Pacino;Brad Pitt;Tom Hanks
13;¿Qué película popular tiene un DeLorean como máquina del tiempo?;Terminator;Volver al Futuro;Star Wars;Matrix;Volver al Futuro
14;¿Qué serie de televisión se centra en un profesor de química convertido en fabricante de metanfetaminas?;Narcos;Breaking Bad;Better Call Saul;True Detective;Breaking Bad
15;¿Qué personaje de Marvel lleva un martillo como arma?;Thor;Iron Man;Capitán América;Hulk;Thor
16;¿Qué saga de películas tiene lugar en una galaxia muy, muy lejana?;Star Trek;Star Wars;Guardianes de la Galaxia;Avatar;Star Wars
17;"¿Qué famosa cantante lanzó la canción ""Like a Prayer""?";Beyoncé;Madonna;Lady Gaga;Whitney Houston;Madonna
18;"¿Qué villano de DC Comics es conocido como el ""Príncipe Payaso del Crimen""?";El Pingüino;Dos Caras;El Joker;Lex Luthor;El Joker
19;¿Qué película tiene una famosa escena con un tiburón gigante?;Tiburón;King Kong;Jurassic Park;Moby Dick;Tiburón
20;¿Qué banda sonora fue compuesta por John Williams para una película de dinosaurios?;Star Wars;Jurassic Park;Indiana Jones;ET;Jurassic Park
21;¿Qué personaje es el famoso arqueólogo interpretado por Harrison Ford?;Rick Deckard;Han Solo;Indiana Jones;Jack Ryan;Indiana Jones
22;¿Qué videojuego tiene como protagonistas a Mario y Luigi?;The Legend of Zelda;Donkey Kong;Super Mario Bros;Final Fantasy;Super Mario Bros
23;¿Qué película de animación cuenta la historia de una joven que vive en una torre?;Enredados;La Bella y la Bestia;Frozen;Valiente;Enredados
24;¿Quién interpretó a Tony Stark en las películas de Marvel?;Chris Evans;Chris Hemsworth;Robert Downey Jr.;Mark Ruffalo;Robert Downey Jr.
25;"¿Qué película popular tiene la frase ""Hasta la vista, baby""?";Terminator;Depredador;Robocop;Duro de Matar;Terminator
26;"¿Qué banda lanzó el álbum ""Dark Side of the Moon""?";The Beatles;Pink Floyd;Queen;The Who;Pink Floyd
27;"¿Qué superhéroe es conocido como el ""Caballero Oscuro""?";Superman;Spider-Man;Batman;Daredevil;Batman
28;¿Qué personaje de videojuegos es conocido por recolectar anillos dorados?;Link;Sonic;Mega Man;Crash Bandicoot;Sonic
29;¿Qué película de Pixar cuenta la historia de un robot que limpia la Tierra?;Ratatouille;Buscando a Nemo;Wall-E;Los Increíbles;Wall-E
30;"¿Quién dirigió la película ""Parque Jurásico""?";James Cameron;George Lucas;Steven Spielberg;Ridley Scott;Steven Spielberg
31;¿Qué famoso mago tiene como enemigos a los mortífagos?;Gandalf;Dumbledore;Harry Potter;Merlin;Harry Potter
32;¿Qué serie animada tiene personajes como Homer, Bart y Lisa?;Los Simpson;Padre de Familia;Futurama;Bob Esponja;Los Simpson
33;¿Qué saga de películas tiene anillos que otorgan poder?;Harry Potter;El Señor de los Anillos;Star Wars;Matrix;El Señor de los Anillos
34;"¿Qué actor es conocido por interpretar a John McClane en ""Duro de Matar""?";Sylvester Stallone;Bruce Willis;Mel Gibson;Arnold Schwarzenegger;Bruce Willis
35;"¿Qué película tiene una famosa secuencia de baile en un barco y la canción ""My Heart Will Go On""?";Titanic;El Gran Gatsby;Pearl Harbor;Náufrago;Titanic
36;¿Qué personaje de Marvel es conocido por su escudo con una estrella?;Capitán América;Thor;Iron Man;Spider-Man;Capitán América
37;"¿En qué película de ciencia ficción aparece la nave ""Enterprise""?";Star Wars;Star Trek;Guardianes de la Galaxia;Matrix;Star Trek
38;¿Qué película tiene a un león llamado Simba como protagonista?;Zootopia;Madagascar;El Rey León;Tarzán;El Rey León
39;¿Qué personaje de Marvel se transforma en un gigante verde?;Hulk;Iron Man;Capitán América;Thor;Hulk
40;¿Qué película popular tiene a un boxeador llamado Rocky Balboa?;Creed;Rocky;Million Dollar Baby;El Luchador;Rocky
41;"¿Qué videojuego tiene un personaje que se llama ""Link""?";Super Mario Bros;Final Fantasy;The Legend of Zelda;Mega Man;The Legend of Zelda
42;"¿Qué actriz protagoniza ""Wonder Woman""?";Gal Gadot;Brie Larson;Scarlett Johansson;Natalie Portman;Gal Gadot
43;¿Qué saga cinematográfica tiene como protagonistas a magos y dragones?;El Señor de los Anillos;Harry Potter;Narnia;Star Wars;Harry Potter
44;"¿Qué película popular tiene la frase ""Yo soy tu padre""?";Matrix;Star Wars;Volver al Futuro;Alien;Star Wars
45;¿Qué serie cuenta la historia de cuatro amigos en Hawkins, Indiana?;Stranger Things;Dark;Juego de Tronos;The Witcher;Stranger Things
46;¿Cuál es la canción más famosa de Queen?;We Will Rock You;Bohemian Rhapsody;Don't Stop Me Now;Another One Bites the Dust;Bohemian Rhapsody
47;¿Qué serie de televisión se centra en una familia de superhéroes?;The Incredibles;Los Increíbles;The Umbrella Academy;Heroes;The Incredibles
48;"¿Qué famoso director es conocido por sus películas de terror como ""Psicosis""?";Alfred Hitchcock;Steven Spielberg;Tim Burton;Quentin Tarantino;Alfred Hitchcock
49;"¿Qué artista lanzó el álbum ""1989"" en 2014?";Katy Perry;Taylor Swift;Adele;Lady Gaga;Taylor Swift
50;¿Qué película de Disney cuenta la historia de una sirena?;La Sirenita;Pocahontas;Mulán;Cenicienta;La Sirenita
