﻿ID;Pregunta;Opción 1;Opción 2;Opción 3;Opción 4;Respuesta Correcta
1;¿Cuál es el río más largo del mundo?;Amazonas;Nilo;Yangtsé;Misisipi;Amazonas
2;¿Qué país tiene la mayor cantidad de islas en el mundo?;Indonesia;Canadá;Noruega;Suecia;Suecia
3;¿En qué continente se encuentra el desierto del Sahara?;Asia;África;América del Sur;Oceanía;África
4;¿Cuál es la capital de Canadá?;Ottawa;Toronto;Vancouver;Montreal;Ottawa
5;¿Qué país tiene la mayor población del mundo?;Estados Unidos;China;India;Rusia;China
6;¿Cuál es la montaña más alta del mundo?;K2;Mont Blanc;Kilimanjaro;Monte Everest;Monte Everest
7;¿En qué continente se encuentra el río Amazonas?;Asia;América del Norte;África;América del Sur;América del Sur
8;¿Qué país tiene la mayor extensión territorial?;Canadá;China;Estados Unidos;Rusia;Rusia
9;"¿Qué país es conocido como la ""Tierra del Sol Naciente""?";Corea del Sur;Japón;China;India;Japón
10;¿En qué país se encuentra la Torre Eiffel?;Alemania;Italia;Francia;España;Francia
11;¿Qué océano es el más grande del mundo?;Atlántico;Índico;Pacífico;Ártico;Pacífico
12;¿Qué país tiene más volcanes activos?;Japón;Indonesia;Islandia;Estados Unidos;Indonesia
13;¿Qué cordillera se extiende a lo largo de la costa oeste de América del Sur?;Himalayas;Andes;Alpes;Pirineos;Andes
14;¿Qué país limita con 14 países y tiene 11 zonas horarias?;Rusia;China;Canadá;Brasil;Rusia
15;¿Qué isla es la más grande del mundo?;Madagascar;Groenlandia;Islandia;Australia;Groenlandia
16;¿Qué lago es el más profundo del mundo?;Lago Victoria;Lago Superior;Lago Baikal;Lago Titicaca;Lago Baikal
17;¿Qué país está rodeado completamente por Sudáfrica?;Lesoto;Suazilandia;Botsuana;Namibia;Lesoto
18;¿En qué continente se encuentra la península arábiga?;África;Asia;Europa;Oceanía;Asia
19;¿Cuál es el país más pequeño del mundo?;Liechtenstein;Mónaco;Ciudad del Vaticano;San Marino;Ciudad del Vaticano
20;¿Qué mar separa Europa de África?;Mar del Norte;Mar Caribe;Mar Mediterráneo;Mar Rojo;Mar Mediterráneo
21;¿Qué capital se encuentra más al sur?;Wellington;Canberra;Buenos Aires;Santiago;Wellington
22;¿Cuál es el punto más bajo de la Tierra?;Fosa de las Marianas;Valle de la Muerte;Desierto de Atacama;Gran Cañón;Fosa de las Marianas
23;¿Qué desierto es el más grande del mundo?;Desierto del Sahara;Desierto de Gobi;Desierto de Kalahari;Desierto de Arabia;Desierto del Sahara
24;¿Qué país tiene forma de bota?;España;Grecia;Italia;Portugal;Italia
25;¿En qué país se encuentra el monte Kilimanjaro?;Kenia;Tanzania;Sudáfrica;Zimbabue;Tanzania
26;¿Cuál es el río más largo de Europa?;Danubio;Volga;Rin;Támesis;Volga
27;¿En qué océano se encuentra Madagascar?;Pacífico;Índico;Atlántico;Ártico;Índico
28;¿Qué país sudamericano tiene dos capitales?;Brasil;Bolivia;Perú;Argentina;Bolivia
29;¿Cuál es el país más grande de África?;Sudáfrica;Egipto;Argelia;Nigeria;Argelia
30;¿En qué mar se encuentra la isla de Creta?;Mar Mediterráneo;Mar Egeo;Mar Negro;Mar Rojo;Mar Egeo
31;¿Qué país tiene la mayor cantidad de lagos en el mundo?;Finlandia;Canadá;Brasil;Estados Unidos;Canadá
32;¿En qué país se encuentra el Machu Picchu?;México;Perú;Chile;Ecuador;Perú
33;¿Qué país tiene más fronteras con otros países?;Brasil;Rusia;China;India;China
34;¿En qué continente está el monte Everest?;Europa;Asia;América del Norte;África;Asia
35;¿Qué país alberga el Amazonas?;Perú;Brasil;Venezuela;Bolivia;Brasil
36;¿Qué país es conocido por sus tulipanes y molinos de viento?;Alemania;Bélgica;Suiza;Países Bajos;Países Bajos
37;¿Qué cordillera separa Europa de Asia?;Alpes;Cáucaso;Urales;Apeninos;Urales
38;¿Qué país tiene la mayor población en África?;Sudáfrica;Egipto;Nigeria;Etiopía;Nigeria
39;¿Qué río atraviesa París?;Danubio;Sena;Ródano;Rin;Sena
40;¿Qué país es conocido por el festival de la Oktoberfest?;Austria;Suiza;Alemania;Bélgica;Alemania
41;¿Qué país tiene el clima más seco del mundo?;Libia;Egipto;Chile;Namibia;Chile
42;¿En qué continente se encuentra el país de Bután?;Asia;África;Europa;América del Sur;Asia
43;¿Qué océano rodea la Antártida?;Atlántico;Índico;Pacífico;Océano Antártico;Océano Antártico
44;¿Qué país tiene el puerto de Sídney?;Australia;Nueva Zelanda;Sudáfrica;Fiyi;Australia
45;¿Qué país limita al norte con Estados Unidos?;Canadá;México;Cuba;Guatemala;Canadá
46;¿Qué río es el más largo de África?;Amazonas;Nilo;Congo;Níger;Nilo
47;¿Cuál es la ciudad más poblada de Brasil?;Río de Janeiro;Brasilia;Sao Paulo;Salvador;Sao Paulo
48;¿Qué isla está al sur de Australia?;Tasmania;Nueva Zelanda;Papúa Nueva Guinea;Bali;Tasmania
49;¿Qué país es el más grande de América del Sur?;Argentina;Perú;Brasil;Chile;Brasil
50;¿Qué estrecho separa España de Marruecos?;Estrecho de Bering;Estrecho de Magallanes;Estrecho de Gibraltar;Estrecho de Bonifacio;Estrecho de Gibraltar
