﻿ID;Pregunta;Opción 1;Opción 2;Opción 3;Opción 4;Respuesta Correcta
1;¿Quién fue el primer presidente de los Estados Unidos?;Thomas Jefferson;Abraham Lincoln;George Washington;John Adams;George Washington
2;¿En qué año se descubrió América?;1492;1493;1494;1495;1492
3;¿Qué emperador romano legalizó el cristianismo?;Julio César;Constantino;Augusto;Nerón;Constantino
4;¿Qué año marcó el final de la Segunda Guerra Mundial?;1943;1944;1945;1946;1945
5;¿Qué año marcó la caída del Imperio Romano de Occidente?;410;476;509;614;476
6;¿Quién fue el líder del Imperio Mongol?;Atila;Gengis Kan;Kublai Kan;Tamerlán;Gengis Kan
7;"¿Qué conflicto bélico se conoce como la ""Gran Guerra""?";Primera Guerra Mundial;Segunda Guerra Mundial;Guerra de los Cien Años;Guerra Fría;Primera Guerra Mundial
8;¿Qué evento histórico ocurrió el 14 de julio de 1789 en Francia?;Revolución Industrial;La Toma de la Bastilla;Firma de la Constitución;Guerra de los 7 años;La Toma de la Bastilla
9;¿Quién fue el primer emperador de China?;Qin Shi Huang;Gengis Kan;Kublai Kan;Sun Yat-Sen;Qin Shi Huang
10;¿En qué año comenzó la Revolución Rusa?;1917;1918;1920;1914;1917
11;¿Qué faraón egipcio ordenó la construcción de la Gran Pirámide de Giza?;Ramsés II;Tutankamón;Keops;Cleopatra;Keops
12;¿Quién fue el líder revolucionario que encabezó la independencia de Cuba?;José Martí;Simón Bolívar;Che Guevara;Fidel Castro;Fidel Castro
13;¿Qué país fue invadido por Alemania para iniciar la Segunda Guerra Mundial?;Francia;Polonia;Bélgica;Rusia;Polonia
14;¿Qué famosa reina egipcia tuvo una relación con Julio César?;Nefertiti;Hatshepsut;Cleopatra;Arsinoe;Cleopatra
15;¿Qué guerra civil en Estados Unidos enfrentó al norte y al sur?;Guerra de Independencia;Guerra de Secesión;Guerra Mexicano-Americana;Guerra Civil Española;Guerra de Secesión
16;¿Quién descubrió la tumba del faraón Tutankamón en 1922?;Howard Carter;Heinrich Schliemann;Arthur Evans;Louis Leakey;Howard Carter
17;¿Qué país fue gobernado por los zares antes de la Revolución Rusa?;Alemania;Rusia;Austria-Hungría;Turquía;Rusia
18;¿Qué documento firmó el rey Juan de Inglaterra en 1215, limitando su poder?;Declaración de Derechos;Magna Carta;Pacto de Versalles;Acta de Supremacía;Magna Carta
19;¿En qué año llegó Cristóbal Colón a América?;1492;1495;1498;1500;1492
20;¿Qué monarca inglés tuvo seis esposas?;Enrique VII;Enrique VIII;Carlos I;Eduardo VI;Enrique VIII
21;¿Qué imperio precolombino tenía su capital en Tenochtitlán?;Inca;Maya;Azteca;Tolteca;Azteca
22;¿Qué guerra duró entre 1950 y 1953, involucrando a Corea del Norte y Corea del Sur?;Guerra de Vietnam;Guerra de Corea;Guerra de Camboya;Guerra del Golfo;Guerra de Corea
23;¿Qué tratado puso fin a la Primera Guerra Mundial?;Tratado de Versalles;Tratado de Tordesillas;Tratado de París;Tratado de Brest-Litovsk;Tratado de Versalles
24;¿En qué año se independizó India del Reino Unido?;1945;1947;1950;1960;1947
25;¿Qué imperio fue conocido por sus caminos y acueductos avanzados?;Egipcio;Griego;Romano;Persa;Romano
26;¿Qué batalla decisiva tuvo lugar en 1066 en Inglaterra?;Batalla de Hastings;Batalla de Waterloo;Batalla de Normandía;Batalla del Somme;Batalla de Hastings
27;¿Qué zar ruso es conocido por expandir drásticamente el Imperio Ruso en el siglo XVIII?;Pedro el Grande;Nicolás II;Alejandro II;Iván el Terrible;Pedro el Grande
28;¿Qué civilización construyó Machu Picchu?;Maya;Azteca;Inca;Tolteca;Inca
29;¿Qué país lanzó el primer satélite artificial, Sputnik 1, en 1957?;Estados Unidos;Unión Soviética;Reino Unido;China;Unión Soviética
30;¿Qué conflicto bélico ocurrió entre 1939 y 1945?;Guerra Civil Española;Primera Guerra Mundial;Guerra Fría;Segunda Guerra Mundial;Segunda Guerra Mundial
31;¿Qué revolución terminó con la monarquía en Francia?;Revolución Francesa;Revolución Americana;Revolución Rusa;Revolución Industrial;Revolución Francesa
32;¿Qué famosa expedición lideró Hernán Cortés en América?;Conquista del Perú;Conquista de México;Expedición a la Antártida;Conquista de Chile;Conquista de México
33;¿Qué dinastía china gobernó durante la construcción de la Gran Muralla?;Ming;Qing;Han;Song;Ming
34;¿Qué gran líder militar cruzó los Alpes con elefantes en su campaña contra Roma?;Alejandro Magno;Julio César;Aníbal;Escipión;Aníbal
35;¿Qué rey español ordenó la Armada Invencible contra Inglaterra?;Felipe II;Carlos V;Fernando el Católico;Alfonso XIII;Felipe II
36;¿Qué revolución industrial introdujo el uso de máquinas en el proceso de manufactura?;Primera Revolución Industrial;Segunda Revolución Industrial;Revolución Verde;Revolución Científica;Primera Revolución Industrial
37;¿En qué año comenzó la Primera Guerra Mundial?;1912;1914;1915;1916;1914
38;¿Qué ciudad fue destruida por la erupción del Monte Vesubio en el año 79 d.C.?;Roma;Atenas;Pompeya;Cartago;Pompeya
39;¿Qué emperador napoleónico fue derrotado en la Batalla de Waterloo?;Napoleón I;Napoleón II;Luis XVIII;Carlos X;Napoleón I
40;¿Qué explorador portugués fue el primero en circunnavegar el globo?;Cristóbal Colón;Vasco da Gama;Fernando de Magallanes;Bartolomé Díaz;Fernando de Magallanes
41;¿Qué tratado, firmado en 1494, dividió las tierras del Nuevo Mundo entre España y Portugal?;Tratado de Versalles;Tratado de Tordesillas;Tratado de Utrecht;Tratado de París;Tratado de Tordesillas
42;¿Qué antigua civilización construyó las pirámides de Giza?;Mesopotámica;Egipcia;Romana;Griega;Egipcia
43;¿Quién fue el último zar de Rusia?;Nicolás I;Alejandro III;Iván IV;Nicolás II;Nicolás II
44;¿Qué evento ocurrió el 6 de agosto de 1945?;Fin de la Segunda Guerra Mundial;Lanzamiento de la bomba atómica en Hiroshima;Firma del Tratado de Versalles;Desembarco de Normandía;Lanzamiento de la bomba atómica en Hiroshima
45;¿Quién fue el fundador del Imperio Aqueménida en Persia?;Ciro el Grande;Darío I;Jerjes I;Cambises II;Ciro el Grande
46;¿Qué líder británico fue famoso por su resistencia durante la Segunda Guerra Mundial?;Winston Churchill;Neville Chamberlain;Margaret Thatcher;Clement Attlee;Winston Churchill
47;¿En qué año fue abolida la esclavitud en los Estados Unidos?;1776;1863;1865;1870;1865
48;¿Qué civilización antigua fue responsable de la escritura cuneiforme?;Egipcia;Mesopotámica;Romana;Griega;Mesopotámica
49;¿Qué imperio cayó en 1453 con la conquista de Constantinopla?;Imperio Bizantino;Imperio Romano;Imperio Otomano;Imperio Mongol;Imperio Bizantino
50;¿Quién lideró la expedición que llegó a la India bordeando África en 1498?;Cristóbal Colón;Bartolomé Díaz;Vasco da Gama;Americo Vespucio;Vasco da Gam
